{
	"partitions" : [
		{
			"name" : "Top",
			"pins" : [
				{
					"name" : "SBR1",
					"strict" : false
				},
				{
					"name" : "SBR0",
					"strict" : false
				},
				{
					"name" : "AEB",
					"strict" : false
				},
				{
					"name" : "ADR0",
					"strict" : false
				},
				{
					"name" : "ADR1",
					"strict" : false
				},
				{
					"name" : "Y1",
					"strict" : false
				},
				{
					"name" : "Y0",
					"strict" : false
				},
				{
					"name" : "Q00",
					"strict" : false
				},
				{
					"name" : "Q01",
					"strict" : false
				},
				{
					"name" : "Q02",
					"strict" : false
				},
				{
					"name" : "Q03",
					"strict" : false
				},
				{
					"name" : "Q10",
					"strict" : false
				},
				{
					"name" : "Q11",
					"strict" : false
				},
				{
					"name" : "Q12",
					"strict" : false
				},
				{
					"name" : "Q13",
					"strict" : false
				},
				{
					"name" : "X0",
					"strict" : false
				},
				{
					"name" : "ADR2",
					"strict" : false
				},
				{
					"name" : "ADR3",
					"strict" : false
				},
				{
					"name" : "SAR0",
					"strict" : false
				},
				{
					"name" : "SAR1",
					"strict" : false
				},
				{
					"name" : "FETCH",
					"strict" : false
				},
				{
					"name" : "LDSBR",
					"strict" : false
				},
				{
					"name" : "STORE",
					"strict" : false
				},
				{
					"name" : "DIN1",
					"strict" : false
				},
				{
					"name" : "CLOCK",
					"strict" : false
				},
				{
					"name" : "DIN0",
					"strict" : false
				}
			]
		}
	]
}